{"Losses and Gradients/Policy Loss": -3.2641642171081675e-06, "Losses and Gradients/Critic Loss": 5.503866697101283e-12, "Losses and Gradients/Entropy Loss": 1.8302431106567383, "Losses and Gradients/Overall Loss": -0.018305695491549975, "Losses and Gradients/Grad Norm Policy": 0.00359882740303874, "Losses and Gradients/Grad Norm Critic": 1.827524829423055e-05, "_step": 1377, "_runtime": 703, "_timestamp": 1640607655, "Scores/Reward": 0.0, "Scores/AVG Reward": 21.333333333333332}