{"Losses and Gradients/Policy Loss": -3.654569236006626, "Losses and Gradients/Critic Loss": 27.078552539652772, "Losses and Gradients/Entropy Loss": 14.936141967773438, "Losses and Gradients/Overall Loss": 9.735345617122258, "Losses and Gradients/Grad Norm Policy": 0.5876469016075134, "Losses and Gradients/Grad Norm Critic": 7.534659385681152, "_runtime": 8, "_timestamp": 1640611887, "_step": 0}