{"Losses and Gradients/Policy Loss": 0.0001008912393396963, "Losses and Gradients/Critic Loss": 5.577815957338877e-09, "Losses and Gradients/Entropy Loss": 1.7329318523406982, "Losses and Gradients/Overall Loss": -0.0172284244206535, "Losses and Gradients/Grad Norm Policy": 0.003505553351715207, "Losses and Gradients/Grad Norm Critic": 0.0001063167946995236, "_step": 143, "_runtime": 78, "_timestamp": 1640606656}